National Liberation Army of Colombia (ELN),Colombia
Al-Shabaab,Somalia
Jaish-e-Islam,Pakistan
Unknown,Pakistan
Al-Shabaab,Somalia
Unknown,Iraq
Unknown,Iraq
Muslim extremists,Iraq
Unknown,India
Unknown,India
Unknown,Afghanistan
Unknown,Egypt
Islamic State of Iraq and the Levant (ISIL),Iraq
Islamic State of Iraq and the Levant (ISIL),Iraq
Islamic State of Iraq and the Levant (ISIL),Iraq
Islamic State of Iraq and the Levant (ISIL),Iraq
Islamic State of Iraq and the Levant (ISIL),Iraq
Islamic State of Iraq and the Levant (ISIL),Iraq
Islamic State of Iraq and the Levant (ISIL),Iraq
Islamic State of Iraq and the Levant (ISIL),Iraq
Islamic State of Iraq and the Levant (ISIL),Iraq
Islamic State of Iraq and the Levant (ISIL),Iraq
Islamic State of Iraq and the Levant (ISIL),Iraq
Islamic State of Iraq and the Levant (ISIL),Iraq
Taliban,Afghanistan
Unknown,Iraq
Al-Shabaab,Somalia
Al-Shabaab,Somalia
Unknown,Iraq
Mozambique National Resistance Movement (MNR),Mozambique
Unknown,Pakistan
Unknown,India
Unknown,Pakistan
National Liberation Army of Colombia (ELN),Colombia
National Liberation Army of Colombia (ELN),Colombia
National Liberation Army of Colombia (ELN),Colombia
Unknown,Pakistan
National Liberation Army of Colombia (ELN),Colombia
Maoists,India
Maoists,India
Unknown,Kenya
Lashkar-e-Balochistan,Pakistan
Bangsamoro Islamic Freedom Movement (BIFM),Philippines
Al-Shabaab,Somalia
Separatists,Thailand
Al-Qaida in the Arabian Peninsula (AQAP),Yemen
Unknown,Iraq
Islamic State of Iraq and the Levant (ISIL),Iraq
Unknown,Iraq
Unknown,Iraq
Unknown,Iraq
Unknown,Iraq
Unknown,Iraq
Allied Democratic Forces (ADF),Democratic Republic of the Congo
Islamic State of Iraq and the Levant (ISIL),Iraq
Islamic State of Iraq and the Levant (ISIL),Iraq
Unknown,Iraq
Islamic State of Iraq and the Levant (ISIL),Lebanon
Unknown,Iraq
Tehrik-i-Taliban Pakistan (TTP),Pakistan
Unknown,Pakistan
Unknown,Greece
Jund al-Islam,Libya
Taliban,Afghanistan
Unknown,Egypt
Unknown,Afghanistan
Unknown,Germany
Ansar Bayt al-Maqdis (Ansar Jerusalem),Egypt
Unknown,Yemen
Unknown,Pakistan
Unknown,Syria
Seleka,Cameroon
Unknown,Bangladesh
Unknown,Democratic Republic of the Congo
Baloch Republican Army (BRA),Pakistan
Unknown,Thailand
Unknown,Iraq
Unknown,Iraq
Unknown,Iraq
Unknown,Iraq
Unknown,Iraq
Unknown,Iraq
Unknown,Iraq
Unknown,Iraq
Unknown,Libya
Unknown,Libya
Unknown,Russia
Separatists,Thailand
Unknown,Iraq
Unknown,Egypt
Unknown,Syria
Unknown,Syria
Unknown,Egypt
Unknown,Bangladesh
Unknown,Bangladesh
Unknown,Bangladesh
Unknown,Bangladesh
Unknown,Bangladesh
Unknown,Bangladesh
Unknown,Bangladesh
Unknown,Bangladesh
Unknown,Bangladesh
Unknown,Bangladesh
Unknown,Bangladesh
Unknown,Bangladesh
Unknown,Bangladesh
Unknown,Bangladesh
Unknown,Pakistan
Unknown,Bangladesh
Unknown,Pakistan
Unknown,Egypt
Muslim extremists,Pakistan
Unknown,Pakistan
Unknown,Pakistan
Unknown,Pakistan
Unknown,Bangladesh
Unknown,Philippines
Unknown,West Bank and Gaza Strip
Communist Party of India - Maoist (CPI-Maoist),India
Al-Shabaab,Somalia
Al-Shabaab,Somalia
Taliban,Afghanistan
Taliban,Afghanistan
Taliban,Afghanistan
Al-Shabaab,Somalia
Al-Shabaab,Somalia
Al-Shabaab,Kenya
Unknown,Thailand
Unknown,Iraq
Unknown,Iraq
Unknown,Iraq
Unknown,Iraq
Unknown,Iraq
Unknown,Iraq
Unknown,Iraq
Unknown,Iraq
Unknown,Iraq
Unknown,Iraq
Abu Jaafar al-Mansur Brigades,Iraq
Unknown,Iraq
Unknown,Iraq
Unknown,Iraq
Hadramawt Tribes Alliance,Yemen
Unknown,Iraq
Taliban,Afghanistan
Unknown,Pakistan
Taliban,Afghanistan
Unknown,Egypt
Unknown,Iraq
Manipur Naga People's Army (MNPA),India
Unknown,Bangladesh
Unknown,Bangladesh
Unknown,Bangladesh
Unknown,Bangladesh
Unknown,Bangladesh
Unknown,Bangladesh
Unknown,Bangladesh
Unknown,Bangladesh
Unknown,Bangladesh
Unknown,Bangladesh
Unknown,Bangladesh
Unknown,Bangladesh
Unknown,Bangladesh
Unknown,Bangladesh
Unknown,Bangladesh
Unknown,Bangladesh
Unknown,Bangladesh
Unknown,Bangladesh
Unknown,Bangladesh
Unknown,Bangladesh
Unknown,Bangladesh
Unknown,Bangladesh
Unknown,Bangladesh
Unknown,Bangladesh
Unknown,Bangladesh
Unknown,Bangladesh
Unknown,Bangladesh
Unknown,Bangladesh
Unknown,Bangladesh
Unknown,Bangladesh
Baloch Republican Army (BRA),Pakistan
Taliban,Afghanistan
Unknown,Bangladesh
Unknown,Bangladesh
Unknown,Bangladesh
Unknown,Bangladesh
Unknown,Yemen
Unknown,Lebanon
Unknown,Pakistan
Unknown,Pakistan
Bangladesh Nationalist Party (BNP),Bangladesh
Unknown,Afghanistan
Unknown,Afghanistan
Unknown,Pakistan
Unknown,Pakistan
Houthi extremists (Ansar Allah),Yemen
Unknown,Pakistan
Unknown,Pakistan
Unknown,Pakistan
Unknown,Somalia
Muslim extremists,Somalia
Bangsamoro Islamic Freedom Movement (BIFM),Philippines
Al-Shabaab,Somalia
Unknown,Iraq
Unknown,Iraq
Unknown,Iraq
Unknown,Iraq
Unknown,Iraq
Unknown,Iraq
Unknown,Iraq
Unknown,Iraq
Unknown,Iraq
Unknown,Libya
Unknown,Iraq
Unknown,Iraq
Unknown,Iraq
Unknown,Iraq
Tribesmen,Yemen
Unknown,Bangladesh
Unknown,Bangladesh
Unknown,Iraq
Unknown,Iraq
Unknown,Central African Republic
Unknown,Bangladesh
Unknown,Bangladesh
Unknown,Bangladesh
Unknown,Bangladesh
Unknown,Iraq
Unknown,Iraq
Unknown,Nigeria
Unknown,Russia
Unknown,Russia
Unknown,Pakistan
Unknown,Pakistan
Taliban,Afghanistan
Tehrik-i-Taliban Pakistan (TTP),Pakistan
Unknown,Pakistan
Unknown,Kenya
Unknown,Nigeria
Al-Shabaab,Somalia
Unknown,Thailand
Unknown,Iraq
Unknown,Iraq
Unknown,Iraq
Unknown,Iraq
Unknown,Iraq
Islamic State of Iraq and the Levant (ISIL),Iraq
Unknown,Iraq
Unknown,Iraq
Unknown,Iraq
Unknown,Libya
Fulani extremists,Nigeria
Unknown,Iraq
Unknown,Iraq
Unknown,Iraq
Unknown,Iraq
Unknown,Iraq
Unknown,Iraq
Unknown,Pakistan
Baloch Republican Army (BRA),Pakistan
Lashkar-e-Jhangvi,Pakistan
Taliban,Afghanistan
Unknown,Thailand
Unknown,Thailand
Taliban,Afghanistan
Maoists,India
Unknown,Pakistan
Tehrik-i-Taliban Pakistan (TTP),Pakistan
Unknown,West Bank and Gaza Strip
Unknown,Pakistan
Unknown,Pakistan
Taliban,Afghanistan
Unknown,Lebanon
Unknown,Pakistan
Unknown,Pakistan
Unknown,West Bank and Gaza Strip
Unknown,Russia
Unknown,Iraq
Unknown,Philippines
Unknown,Pakistan
Unknown,Pakistan
Unknown,Lebanon
Unknown,Ukraine
Unknown,Iraq
Anarchists,Italy
Anarchists,Mexico
Unknown,Yemen
Boko Haram,Nigeria
Al-Shabaab,Somalia
Unknown,Libya
Abu Sayyaf Group (ASG),Philippines
Al-Shabaab,Somalia
Al-Shabaab,Somalia
Al-Shabaab,Somalia
Unknown,Iraq
Unknown,Iraq
Unknown,Iraq
Unknown,Iraq
Unknown,Philippines
Unknown,Yemen
Islamic State of Iraq and the Levant (ISIL),Iraq
Unknown,Iraq
Unknown,Iraq
Unknown,India
Ansar Bayt al-Maqdis (Ansar Jerusalem),Egypt
Unknown,Egypt
Unknown,Somalia
Islamic State of Iraq and the Levant (ISIL),Iraq
Unknown,Iraq
Unknown,Iraq
Tribesmen,Yemen
Unknown,Iraq
Achik National Volunteer Council-B (ANVC-B),India
Unknown,Pakistan
Unknown,Yemen
Unknown,India
Unknown,Pakistan
Unknown,Pakistan
Unknown,Pakistan
Unknown,Afghanistan
Tehrik-i-Taliban Pakistan (TTP),Pakistan
Unknown,Pakistan
Taliban,Afghanistan
Unknown,Pakistan
Separatists,India
Unknown,Indonesia
New People's Army (NPA),Philippines
Unknown,Pakistan
Unknown,Kenya
Unknown,Pakistan
Unknown,Iraq
Punjabi Taliban,Pakistan
Boko Haram,Nigeria
Moro Islamic Liberation Front (MILF),Philippines
Unknown,Thailand
Al-Shabaab,Somalia
Caucasus Emirate,Russia
Caucasus Emirate,Russia
Unknown,Libya
Unknown,Thailand
Unknown,Iraq
Unknown,Iraq
Maoists,India
Islamic State of Iraq and the Levant (ISIL),Iraq
Islamic State of Iraq and the Levant (ISIL),Syria
Unknown,Iraq
Unknown,Iraq
Unknown,Iraq
Unknown,Pakistan
Unknown,India
Tehrik-i-Taliban Pakistan (TTP),Pakistan
Tehrik-i-Taliban Pakistan (TTP),Pakistan
Sudan Liberation Movement,Sudan
Unknown,Iraq
Boko Haram,Nigeria
Unknown,India
Unknown,Iraq
Unknown,Iraq
Unknown,Pakistan
Unknown,Kenya
Unknown,Cyprus
Unknown,Pakistan
Unknown,Pakistan
Unknown,Pakistan
New People's Army (NPA),Philippines
Taliban,Afghanistan
Baloch Liberation Army (BLA),Pakistan
Unknown,Pakistan
Unknown,India
Bangladesh Nationalist Party (BNP),Bangladesh
Unknown,Iraq
Boko Haram,Nigeria
New People's Army (NPA),Philippines
Islamic State of Iraq and the Levant (ISIL),Iraq
Unknown,India
Unknown,West Bank and Gaza Strip
Unknown,Iraq
Unknown,Syria
Unknown,Sudan
Unknown,India
Tehrik-i-Taliban Pakistan (TTP),Pakistan
Unknown,Iraq
Taliban,Afghanistan
Unknown,Pakistan
Al-Shabaab,Somalia
Al-Shabaab,Somalia
Al-Shabaab,Somalia
Unknown,Yemen
Unknown,Yemen
Taliban,Afghanistan
Revolutionary Armed Forces of Colombia (FARC),Colombia
Tabu Tribe,Libya
Unknown,Libya
Unknown,Libya
Unknown,Libya
Unknown,Libya
Islamic State of Iraq and the Levant (ISIL),Iraq
Islamic State of Iraq and the Levant (ISIL),Iraq
Unknown,Ireland
Unknown,Thailand
Islamic State of Iraq and the Levant (ISIL),Iraq
Unknown,Somalia
Unknown,Pakistan
Unknown,Pakistan
Maoists,India
Al-Shabaab,Somalia
Tehrik-i-Taliban Pakistan (TTP),Pakistan
Unknown,Pakistan
Unknown,Pakistan
Unknown,Yemen
Unknown,Yemen
Southern Mobility Movement (Yemen),Yemen
Baloch Liberation Front (BLF),Pakistan
National Liberation Army of Colombia (ELN),Colombia
Unknown,Pakistan
Lord's Resistance Army (LRA),Democratic Republic of the Congo
Unknown,Mali
Baloch Republican Army (BRA),Pakistan
Unknown,Sudan
Unknown,Thailand
Unknown,Thailand
Democratic Front for the Liberation of Rwanda (FDLR),Democratic Republic of the Congo
Tribesmen,Yemen
Unknown,India
Achik Tiger Force,India
Unknown,India
Unknown,Afghanistan
Unknown,Pakistan
Sudan Liberation Army-Minni Minawi (SLA-MM),Sudan
Unknown,Brazil
Unknown,West Bank and Gaza Strip
Unknown,Afghanistan
Baloch Republican Army (BRA),Pakistan
Abu Sayyaf Group (ASG),Philippines
Al-Shabaab,Somalia
Al-Shabaab,Somalia
Unknown,Russia
Unknown,Pakistan
Taliban,Afghanistan
Kuki National Front (KNF),India
Tribesmen,Yemen
Abu Bakr Unis Jabr Brigade,Libya
Unknown,Libya
Unknown,Libya
Unknown,Philippines
Unknown,Philippines
Taliban,Afghanistan
Muslim extremists,Iraq
Unknown,Iraq
Unknown,Iraq
Unknown,Iraq
Unknown,Iraq
Unknown,Iraq
Unknown,Iraq
Unknown,Iraq
Unknown,Iraq
Unknown,Iraq
Unknown,Iraq
Tehrik-i-Taliban Pakistan (TTP),Pakistan
Unknown,Iraq
Unknown,Iraq
Tehrik-i-Taliban Pakistan (TTP),Pakistan
Tehrik-i-Taliban Pakistan (TTP),Pakistan
Unknown,Sudan
Unknown,Sudan
Unknown,Sudan
Al-Qaida in the Arabian Peninsula (AQAP),Yemen
Unknown,India
Al-Shabaab,Somalia
Al-Shabaab,Somalia
Boko Haram,Nigeria
Boko Haram,Nigeria
Islamic State of Iraq and the Levant (ISIL),Iraq
Unknown,Iraq
Unknown,Philippines
Unknown,Pakistan
Unknown,Pakistan
Unknown,India
Unknown,Pakistan
Al-Shabaab,Somalia
Al-Shabaab,Somalia
Al-Shabaab,Somalia
Al-Shabaab,Somalia
Unknown,Thailand
Unknown,Sudan
Group of Popular Fighters,Greece
Unknown,Iraq
Buddhist Monks,Sri Lanka
Buddhist Monks,Sri Lanka
New People's Army (NPA),Philippines
Unknown,Iraq
Islamic State of Iraq and the Levant (ISIL),Iraq
Islamic State of Iraq and the Levant (ISIL),Iraq
Unknown,Iraq
Unknown,Pakistan
Mayi Mayi,Democratic Republic of the Congo
Unknown,Egypt
Unknown,Saudi Arabia
Unknown,Hungary
Unknown,Thailand
Unknown,Pakistan
Islamic State of Iraq and the Levant (ISIL),Iraq
Islamic State of Iraq and the Levant (ISIL),Iraq
Unknown,Pakistan
Maoists,India
Unknown,Syria
Unknown,Thailand
Unknown,Somalia
Sudan Revolutionary Front (SRF),Sudan
Liberation and Justice Movement (LJM),Sudan
Unknown,China
Unknown,Iraq
Unknown,Iraq
Unknown,Yemen
Unknown,Yemen
Unknown,Yemen
Unknown,Thailand
Al-Shabaab,Somalia
Liberation and Justice Movement (LJM),Sudan
Liberation and Justice Movement (LJM),Sudan
Liberation and Justice Movement (LJM),Sudan
Unknown,Iraq
Unknown,Iraq
Unknown,Thailand
Unknown,Iraq
Islamic State of Iraq and the Levant (ISIL),Iraq
Islamic State of Iraq and the Levant (ISIL),Iraq
Islamic State of Iraq and the Levant (ISIL),Iraq
Islamic State of Iraq and the Levant (ISIL),Iraq
Unknown,Iraq
Unknown,Iraq
Unknown,Iraq
Islamic State of Iraq and the Levant (ISIL),Iraq
Unknown,Iraq
Unknown,Iraq
Boko Haram,Nigeria
Unknown,Lebanon
Unknown,Iraq
Unknown,Iraq
Al-Qaida in the Arabian Peninsula (AQAP),Yemen
Unknown,Iraq
Unknown,Iraq
Unknown,Iraq
Tehrik-i-Taliban Pakistan (TTP),Pakistan
Unknown,Iraq
Tehrik-i-Taliban Pakistan (TTP),Pakistan
Unknown,Pakistan
Unknown,Pakistan
Unknown,Thailand
Taliban,Afghanistan
Taliban,Afghanistan
Unknown,Afghanistan
Unknown,South Sudan
Taliban,Afghanistan
Islamic State of Iraq and the Levant (ISIL),Iraq
Unknown,Iraq
Unknown,Iraq
New People's Army (NPA),Philippines
Unknown,Egypt
Unknown,Philippines
Unknown,Libya
Unknown,Thailand
Al-Shabaab,Somalia
Al-Shabaab,Somalia
Al-Shabaab,Somalia
Unknown,Libya
Southern Mobility Movement (Yemen),Yemen
Unknown,Yemen
Zero Tolerance,Greece
Anti-Balaka Militia,Central African Republic
Taliban,Afghanistan
Unknown,South Sudan
Boko Haram,Nigeria
Tehrik-i-Taliban Pakistan (TTP),Pakistan
Unknown,Libya
Taliban,Afghanistan
Unknown,Egypt
Maoists,India
Separatists,Thailand
Unknown,Pakistan
Tehrik-i-Taliban Pakistan (TTP),Pakistan
Islamic State of Iraq and the Levant (ISIL),Iraq
Islamic State of Iraq and the Levant (ISIL),Iraq
Islamic State of Iraq and the Levant (ISIL),Iraq
Islamic State of Iraq and the Levant (ISIL),Iraq
Islamic State of Iraq and the Levant (ISIL),Iraq
Islamic State of Iraq and the Levant (ISIL),Iraq
Islamic State of Iraq and the Levant (ISIL),Iraq
Islamic State of Iraq and the Levant (ISIL),Iraq
Islamic State of Iraq and the Levant (ISIL),Iraq
Islamic State of Iraq and the Levant (ISIL),Iraq
Islamic State of Iraq and the Levant (ISIL),Iraq
Islamic State of Iraq and the Levant (ISIL),Iraq
Al-Shabaab,Somalia
Islamic State of Iraq and the Levant (ISIL),Syria
Islamic State of Iraq and the Levant (ISIL),Syria
Unknown,Syria
Unknown,Thailand
Unknown,Libya
Unknown,India
Mozambique National Resistance Movement (MNR),Mozambique
Israeli extremists,West Bank and Gaza Strip
Unknown,Pakistan
Boko Haram,Nigeria
Unknown,Iraq
Islamic State of Iraq and the Levant (ISIL),Iraq
Islamic State of Iraq and the Levant (ISIL),Iraq
Islamic State of Iraq and the Levant (ISIL),Iraq
Islamic State of Iraq and the Levant (ISIL),Iraq
Islamic State of Iraq and the Levant (ISIL),Iraq
Islamic State of Iraq and the Levant (ISIL),Iraq
Unknown,Iraq
Unknown,Iraq
Unknown,Pakistan
Islamic State of Iraq and the Levant (ISIL),Iraq
Baloch Republican Army (BRA),Pakistan
Unknown,Libya
Unknown,Thailand
Unknown,Thailand
Unknown,West Bank and Gaza Strip
Islamic State of Iraq and the Levant (ISIL),Iraq
Unknown,Pakistan
Unknown,Pakistan
Unknown,Afghanistan
Unknown,Pakistan
Unknown,Libya
Lashkar-e-Jhangvi,Pakistan
Unknown,Czech Republic
Unknown,Bangladesh
Unknown,Bangladesh
Unknown,Bangladesh
Islamic State of Iraq and the Levant (ISIL),Iraq
Abu Tira (Central Reserve Forces),Sudan
Unknown,Iraq
Islamic State of Iraq and the Levant (ISIL),Iraq
Maoists,India
Al-Nusrah Front,Lebanon
Revolutionary Armed Forces of Colombia (FARC),Colombia
Al-Qaida in the Arabian Peninsula (AQAP),Yemen
Al-Qaida in the Arabian Peninsula (AQAP),Yemen
Unknown,Pakistan
Al-Qaida in the Arabian Peninsula (AQAP),Yemen
Unknown,Pakistan
Unknown,Iraq
Unknown,Pakistan
Unknown,Kenya
Unknown,Iraq
New People's Army (NPA),Philippines
Unknown,Iraq
Unknown,Iraq
Unknown,Iraq
Unknown,Iraq
Unknown,Iraq
Unknown,Iraq
Unknown,Iraq
Al-Shabaab,Somalia
Unknown,Yemen
Unknown,Afghanistan
Tehrik-i-Taliban Pakistan (TTP),Pakistan
Tehrik-i-Taliban Pakistan (TTP),Pakistan
Unknown,Pakistan
Unknown,Pakistan
Unknown,India
Unknown,Pakistan
Unknown,Thailand
Unknown,Thailand
Unknown,Iraq
Unknown,Thailand
Boko Haram,Nigeria
Abdullah Azzam Brigades,Pakistan
Unknown,Pakistan
Islamic State of Iraq and the Levant (ISIL),Iraq
Anti-Balaka Militia,Central African Republic
Unknown,Iraq
Unknown,Afghanistan
Unknown,Pakistan
Unknown,Pakistan
Unknown,Israel
Unknown,Israel
Unknown,Israel
Unknown,Israel
Unknown,Israel
Unknown,Kosovo
Unknown,Pakistan
Unknown,Bangladesh
Unknown,Iraq
Unknown,Iraq
Islamic State of Iraq and the Levant (ISIL),Lebanon
Islamic State of Iraq and the Levant (ISIL),Lebanon
Islamic State of Iraq and the Levant (ISIL),Lebanon
Islamic State of Iraq and the Levant (ISIL),Lebanon
Unknown,Lebanon
Unknown,Lebanon
Unknown,Lebanon
Unknown,Lebanon
Unknown,Lebanon
Taliban,Afghanistan
Unknown,Russia
Unknown,Russia
New People's Army (NPA),Philippines
New People's Army (NPA),Philippines
Unknown,Iraq
Unknown,Thailand
Baloch Republican Army (BRA),Pakistan
Unknown,Iraq
Unknown,Pakistan
Unknown,Pakistan
Unknown,Pakistan
National Democratic Front of Bodoland (NDFB),India
Tehrik-i-Taliban Pakistan (TTP),Pakistan
Unknown,Yemen
Unknown,Yemen
Ansar Bayt al-Maqdis (Ansar Jerusalem),Egypt
Sipah-I-Mohammed,Pakistan
Southern Yemen Separatists,Yemen
United Democratic Liberation Army (UDLA),India
Unknown,India
Anti-Balaka Militia,Central African Republic
Unknown,Thailand
Unknown,Iraq
Unknown,Iraq
Unknown,Iraq
Unknown,Iraq
Taliban,Afghanistan
Unknown,Libya
Unknown,Pakistan
Unknown,Pakistan
Unknown,Bangladesh
Kuki Tribal Militants,India
Unknown,Pakistan
Unknown,Pakistan
Unknown,Libya
Taliban,Afghanistan
Taliban,Afghanistan
Unknown,Lebanon
Unknown,Iraq
Unknown,Pakistan
Unknown,Iraq
Unknown,Iraq
Unknown,Iraq
Unknown,Iraq
Unknown,Iraq
Unknown,Iraq
Unknown,Iraq
Unknown,Iraq
Unknown,Iraq
Islamic State of Iraq and the Levant (ISIL),Iraq
Taliban,Afghanistan
Unknown,Yemen
Unknown,Somalia
Taliban,Afghanistan
Unknown,Afghanistan
Unknown,Afghanistan
Unknown,Syria
Unknown,Libya
Unknown,Libya
Garo National Liberation Army,India
Unknown,Libya
National Democratic Front of Bodoland (NDFB),India
Unknown,Yemen
Unknown,Pakistan
Unknown,Pakistan
Unknown,Afghanistan
Tehrik-i-Taliban Pakistan (TTP),Pakistan
Baloch Republican Army (BRA),Pakistan
Separatists,India
Unknown,Thailand
Unknown,Pakistan
Islamic State of Iraq and the Levant (ISIL),Lebanon
Unknown,Pakistan
Unknown,India
National Democratic Front of Bodoland (NDFB),India
Unknown,Pakistan
Unknown,Iraq
Unknown,Iraq
Unknown,Iraq
Unknown,Pakistan
Al-Shabaab,Somalia
Unknown,Iraq
Unknown,Iraq
Unknown,Iraq
Unknown,Iraq
Unknown,Iraq
Unknown,Iraq
Unknown,Iraq
Unknown,Iraq
Unknown,Iraq
Unknown,Lebanon
Islamic State of Iraq and the Levant (ISIL),Iraq
The Justice Department,France
Unknown,Yemen
Unknown,Thailand
Unknown,Thailand
Tehrik-i-Taliban Pakistan (TTP),Pakistan
Unknown,Iraq
Unknown,Somalia
Al-Shabaab,Somalia
National Democratic Front of Bodoland (NDFB),India
Taliban,Afghanistan
Taliban,Afghanistan
Taliban,Afghanistan
Boko Haram,Nigeria
Unknown,Pakistan
New People's Army (NPA),Philippines
Unknown,Egypt
Unknown,Egypt
Unknown,Pakistan
Unknown,Libya
Unknown,Iraq
Unknown,Iraq
Unknown,Iraq
Unknown,Thailand
Unknown,Iraq
Unknown,Iraq
Unknown,Pakistan
Maoists,India
Unknown,Iraq
Tehrik-i-Taliban Pakistan (TTP),Pakistan
Unknown,Libya
Unknown,Mali
Unknown,Pakistan
Unknown,Libya
Unknown,Iraq
Unknown,Iraq
Maoists,India
Al-Shabaab,Somalia
Unknown,Somalia
Unknown,Syria
Unknown,Syria
Unknown,Thailand
Unknown,Pakistan
Unknown,Libya
Ansar Bayt al-Maqdis (Ansar Jerusalem),Israel
Ansar Bayt al-Maqdis (Ansar Jerusalem),Israel
Unknown,Iraq
Unknown,Iraq
Unknown,Iraq
Unknown,Iraq
Taliban,Afghanistan
Taliban,Afghanistan
Baloch Republican Army (BRA),Pakistan
Boko Haram,Nigeria
Tehrik-i-Taliban Pakistan (TTP),Pakistan
Tehrik-i-Taliban Pakistan (TTP),Pakistan
Unknown,Pakistan
Unknown,India
Unknown,Iraq
Unknown,Pakistan
Unknown,Iraq
Unknown,Iraq
Unknown,Pakistan
Revolutionary Armed Forces of Colombia (FARC),Colombia
Unknown,Pakistan
Unknown,Pakistan
Tehama Movement,Yemen
Unknown,India
Baloch Liberation Army (BLA),Pakistan
Unknown,Iraq
Unknown,Iraq
Islamic State of Iraq and the Levant (ISIL),Iraq
Unknown,Iraq
Unknown,Iraq
Unknown,Uganda
Maoists,India
Unknown,Pakistan
Lashkar-e-Jhangvi,Pakistan
Unknown,Pakistan
Unknown,Pakistan
Unknown,Pakistan
Al-Nusrah Front,Lebanon
Unknown,Afghanistan
Communist Party of India - Maoist (CPI-Maoist),India
Taliban,Afghanistan
Taliban,Afghanistan
Unknown,Somalia
Unknown,Somalia
Unknown,Pakistan
Unknown,Thailand
Unknown,Thailand
Unknown,Libya
Unknown,Yemen
Democratic Front for the Liberation of Palestine (DFLP),West Bank and Gaza Strip
Muslim extremists,Yemen
Taliban,Afghanistan
Unknown,India
Taliban,Afghanistan
Al-Shabaab,Somalia
Unknown,Afghanistan
Unknown,Pakistan
Muslim Brotherhood,Egypt
Boko Haram,Nigeria
Jaish-e-Islam,Pakistan
Unknown,Iraq
Unknown,Iraq
Unknown,Iraq
Unknown,Iraq
Taliban,Afghanistan
Unknown,Yemen
Unknown,Yemen
Taliban,Afghanistan
Unknown,Pakistan
Unknown,Afghanistan
Tehrik-i-Taliban Pakistan (TTP),Pakistan
Unknown,Pakistan
Unknown,Libya
Unknown,Thailand
Democratic Front for the Liberation of Rwanda (FDLR),Democratic Republic of the Congo
Unknown,Egypt
Unknown,Iraq
Lord's Resistance Army (LRA),Democratic Republic of the Congo
Unknown,Ukraine
Al-Shabaab,Somalia
Islamic State of Iraq and the Levant (ISIL),Syria
Al-Shabaab,Somalia
Al-Shabaab,Somalia
Al-Shabaab,Somalia
Unknown,Iraq
Unknown,Iraq
Lashkar-e-Jhangvi,Pakistan
New People's Army (NPA),Philippines
New People's Army (NPA),Philippines
Tehrik-i-Taliban Pakistan (TTP),Pakistan
Unknown,Pakistan
Al-Shabaab,Somalia
Al-Shabaab,Somalia
National Liberation Front of Provence (FLNP),France
Unknown,Pakistan
Unknown,Pakistan
Unknown,Pakistan
Taliban,Afghanistan
Unknown,Pakistan
Unknown,Pakistan
Unknown,Pakistan
Boko Haram,Nigeria
Boko Haram,Nigeria
Boko Haram,Nigeria
Unknown,Iraq
Unknown,Central African Republic
Unknown,Central African Republic
Taliban,Afghanistan
Unknown,Lebanon
Unknown,Lebanon
Unknown,Lebanon
Unknown,Iraq
Unknown,Iraq
Unknown,West Bank and Gaza Strip
Baloch Republican Army (BRA),Pakistan
Unknown,Thailand
Unknown,Pakistan
Unknown,Iraq
Islamic State of Iraq and the Levant (ISIL),Iraq
Unknown,Iraq
Unknown,Iraq
Unknown,Iraq
Unknown,Iraq
Unknown,Iraq
Unknown,Pakistan
Unknown,Pakistan
Unknown,Pakistan
Unknown,Afghanistan
Taliban,Afghanistan
Unknown,Somalia
Al-Shabaab,Somalia
Unknown,Yemen
Unknown,Iraq
Unknown,Iraq
Unknown,Bangladesh
Unknown,Egypt
Unknown,Bangladesh
United Liberation Front of Assam (ULFA),India
National Democratic Front of Bodoland (NDFB),India
Merille Militia,Kenya
Unknown,Pakistan
Unknown,Pakistan
Unknown,Lebanon
Baloch Republican Army (BRA),Pakistan
Baloch Republican Army (BRA),Pakistan
Kuki Tribal Militants,India
Unknown,Pakistan
Lord's Resistance Army (LRA),Democratic Republic of the Congo
Unknown,Iraq
Unknown,Iraq
Unknown,Iraq
Unknown,Iraq
Unknown,Iraq
Unknown,Colombia
Ansar Bayt al-Maqdis (Ansar Jerusalem),Egypt
Ansar Bayt al-Maqdis (Ansar Jerusalem),Egypt
Ansar Bayt al-Maqdis (Ansar Jerusalem),Egypt
Ansar Bayt al-Maqdis (Ansar Jerusalem),Egypt
Unknown,Libya
Unknown,Pakistan
Unknown,Pakistan
New People's Army (NPA),Philippines
Unknown,Afghanistan
Unknown,Pakistan
Unknown,Pakistan
Unknown,Pakistan
Unknown,Italy
Separatists,Thailand
Separatists,Thailand
Unknown,China
Unknown,China
Unknown,China
Unknown,China
Unknown,Lebanon
Unknown,Afghanistan
Boko Haram,Nigeria
Baloch Republican Army (BRA),Pakistan
Revolutionary Armed Forces of Colombia (FARC),Colombia
Revolutionary Armed Forces of Colombia (FARC),Colombia
Unknown,Pakistan
Anti-Balaka Militia,Central African Republic
Anti-Balaka Militia,Central African Republic
Unknown,India
Unknown,India
Unknown,Pakistan
Free Papua Movement (OPM-Organisasi Papua Merdeka),Indonesia
Unknown,Pakistan
Unknown,Pakistan
Unknown,Iraq
Unknown,Iraq
Maoists,India
Revolutionary Armed Forces of Colombia (FARC),Colombia
Revolutionary Armed Forces of Colombia (FARC),Colombia
Taliban,Afghanistan
Taliban,Afghanistan
Unknown,Afghanistan
Al-Shabaab,Somalia
Unknown,Iraq
Al-Nusrah Front,Lebanon
Ansar Bayt al-Maqdis (Ansar Jerusalem),Egypt
Unknown,Pakistan
Unknown,Libya
Unknown,Pakistan
Unknown,Iraq
Unknown,Iraq
Unknown,Iraq
Islamic State of Iraq and the Levant (ISIL),Iraq
Islamic State of Iraq and the Levant (ISIL),Iraq
Maoists,India
Ansar Bayt al-Maqdis (Ansar Jerusalem),Egypt
Unknown,Egypt
Al-Shabaab,Somalia
Al-Shabaab,Somalia
Movement for the Emancipation of the Niger Delta (MEND),Nigeria
Unknown,Libya
Unknown,Iraq
Unknown,Iraq
Tehrik-i-Taliban Pakistan (TTP),Pakistan
Unknown,Pakistan
Islamic State of Iraq and the Levant (ISIL),Iraq
Unknown,Madagascar
Fulani extremists,Nigeria
Unknown,Afghanistan
Taliban,Afghanistan
United Revolutionary Front,India
Unknown,Iraq
Unknown,Libya
Unknown,Philippines
Al-Shabaab,Somalia
Al-Nusrah Front,Lebanon
Unknown,Pakistan
Unknown,Iraq
Unknown,Libya
Unknown,Libya
Unknown,Libya
Unknown,Afghanistan
Unknown,Pakistan
Maoists,India
Maoists,India
Ansar Bayt al-Maqdis (Ansar Jerusalem),Egypt
Abu Sayyaf Group (ASG),Philippines
Abu Sayyaf Group (ASG),Philippines
Unknown,Philippines
Unknown,Philippines
Islamic State of Iraq and the Levant (ISIL),Iraq
Islamic State of Iraq and the Levant (ISIL),Iraq
Unknown,Iraq
Unknown,Iraq
Unknown,Iraq
Unknown,Iraq
Unknown,Pakistan
Unknown,Syria
Unknown,Thailand
Al-Qaida in the Arabian Peninsula (AQAP),Yemen
Boko Haram,Nigeria
Boko Haram,Nigeria
Unknown,Afghanistan
Taliban,Afghanistan
Taliban,Afghanistan
Unknown,Afghanistan
Unknown,Afghanistan
Baloch Republican Army (BRA),Pakistan
Kurdistan Workers' Party (PKK),Turkey
Unknown,Pakistan
New People's Army (NPA),Philippines
Taliban,Afghanistan
Unknown,India
Muslim extremists,Egypt
People's Liberation Army (India),India
Coordination Committee (CORCOM),India
Coordination Committee (CORCOM),India
Coordination Committee (CORCOM),India
Coordination Committee (CORCOM),India
Unknown,Yemen
Unknown,Yemen
Unknown,Pakistan
Maoists,India
Communist Party of India - Maoist (CPI-Maoist),India
Unknown,Pakistan
Lashkar-e-Jhangvi,Pakistan
Taliban,Afghanistan
Unknown,Iraq
Unknown,Iraq
Unknown,Iraq
Revolutionary Armed Forces of Colombia (FARC),Colombia
Unknown,Pakistan
Islamic State of Iraq and the Levant (ISIL),Iraq
Unknown,Iraq
Unknown,Iraq
Unknown,Iraq
Unknown,Iraq
Unknown,Iraq
Unknown,Iraq
Unknown,Iraq
Unknown,Iraq
Unknown,Iraq
Unknown,Iraq
Islamic State of Iraq and the Levant (ISIL),Syria
Unknown,Pakistan
Democratic Front for the Liberation of Rwanda (FDLR),Rwanda
Unknown,Thailand
Ansar Bayt al-Maqdis (Ansar Jerusalem),Egypt
Unknown,Egypt
Maoists,India
Al-Shabaab,Somalia
Unknown,Pakistan
Unknown,Pakistan
Al-Nusrah Front,Syria
Unknown,Pakistan
Unknown,Syria
Unknown,Libya
Unknown,Libya
Unknown,Libya
Al-Shabaab,Somalia
Unknown,Afghanistan
Unknown,Afghanistan
Taliban,Afghanistan
Unknown,Turkey
Unknown,West Bank and Gaza Strip
Unknown,Lebanon
Sudan People's Liberation Movement in Opposition (SPLM-IO),South Sudan
Unknown,Thailand
Taliban,Afghanistan
Unknown,Malaysia
Unknown,Pakistan
Unknown,Yemen
Unknown,Iraq
Taliban,Afghanistan
Unknown,Turkey
Unknown,Pakistan
Separatists,Thailand
Unknown,Iraq
Unknown,Iraq
Unknown,Iraq
Unknown,Iraq
Unknown,Iraq
Unknown,Libya
National Liberation Army of Colombia (ELN),Colombia
Ansar al-Islam,Iraq
Unknown,Pakistan
Anti-Police extremists,Japan
Abu Sayyaf Group (ASG),Philippines
Maoists,India
Ansar Bayt al-Maqdis (Ansar Jerusalem),Egypt
Taliban,Afghanistan
Unknown,Afghanistan
Unknown,Afghanistan
Bangsamoro Islamic Freedom Movement (BIFM),Philippines
Unknown,Thailand
National Democratic Front of Bodoland (NDFB),India
Unknown,Yemen
Unknown,Afghanistan
Unknown,United Kingdom
Unknown,Pakistan
Unknown,Pakistan
Unknown,Pakistan
Muslim Brotherhood,Egypt
Unknown,Pakistan
Unknown,Iraq
Unknown,Iraq
Unknown,Thailand
Unknown,Central African Republic
Unknown,Turkey
Unknown,Afghanistan
Unknown,Iraq
Unknown,Pakistan
Unknown,Pakistan
Unknown,Pakistan
Unknown,Iraq
Unknown,Iraq
Unknown,Iraq
Unknown,Iraq
Unknown,Iraq
Unknown,Iraq
Unknown,Iraq
Unknown,Iraq
Unknown,Iraq
Unknown,Iraq
Unknown,Iraq
Unknown,Iraq
Unknown,Nigeria
Islamic State of Iraq and the Levant (ISIL),Syria
Maoists,India
Communist Party of India - Maoist (CPI-Maoist),India
Communist Party of India - Maoist (CPI-Maoist),India
Communist Party of India - Maoist (CPI-Maoist),India
Tehrik-i-Taliban Pakistan (TTP),Pakistan
Tehrik-i-Taliban Pakistan (TTP),Pakistan
Tehrik-i-Taliban Pakistan (TTP),Pakistan
Unknown,Iraq
Unknown,Iraq
Unknown,Iraq
Unknown,Iraq
Unknown,Iraq
Unknown,Pakistan
Unknown,Libya
New People's Army (NPA),Philippines
Unknown,Afghanistan
Taliban,Afghanistan
Separatists,Thailand
Separatists,Thailand
Unknown,Thailand
Unknown,Thailand
Unknown,Thailand
Tamil Nadu Liberation Army,India
Unknown,Afghanistan
Unknown,Afghanistan
Unknown,Pakistan
Unknown,West Bank and Gaza Strip
Baloch Republican Army (BRA),Pakistan
Baloch Republican Army (BRA),Pakistan
Unknown,Afghanistan
Tehrik-i-Taliban Pakistan (TTP),Pakistan
Unknown,Thailand
Unknown,Iraq
Unknown,Afghanistan
Lord's Resistance Army (LRA),Central African Republic
Unknown,Pakistan
Unknown,Pakistan
Unknown,Pakistan
National Liberation Council of Taniland,India
Unknown,Iraq
Unknown,Iraq
Unknown,Iraq
Unknown,Iraq
Islamic State of Iraq and the Levant (ISIL),Syria
Islamic State of Iraq and the Levant (ISIL),Iraq
Unknown,Iraq
Unknown,Iraq
Unknown,Iraq
Muslim extremists,Libya
Unknown,Pakistan
Taliban,Afghanistan
Taliban,Afghanistan
Muslim extremists,Syria
Unknown,Syria